"This is tuple number 0",0,0
"This is tuple number 1",1,1
"This is tuple number 2",2,1.4142135623731
"This is tuple number 3",3,1.73205080756888
"This is tuple number 4",4,2
"This is tuple number 5",5,2.23606797749979
"This is tuple number 6",6,2.44948974278318
"This is tuple number 7",7,2.64575131106459
"This is tuple number 8",8,2.82842712474619
"This is tuple number 9",9,3
"This is tuple number 10",10,3.16227766016838
"This is tuple number 11",11,3.3166247903554
"This is tuple number 12",12,3.46410161513775
"This is tuple number 13",13,3.60555127546399
"This is tuple number 14",14,3.74165738677394
"This is tuple number 15",15,3.87298334620742
"This is tuple number 16",16,4
"This is tuple number 17",17,4.12310562561766
"This is tuple number 18",18,4.24264068711928
"This is tuple number 19",19,4.35889894354067
"This is tuple number 20",20,4.47213595499958
"This is tuple number 21",21,4.58257569495584
"This is tuple number 22",22,4.69041575982343
"This is tuple number 23",23,4.79583152331272
"This is tuple number 24",24,4.89897948556636
"This is tuple number 25",25,5
"This is tuple number 26",26,5.09901951359278
"This is tuple number 27",27,5.19615242270663
"This is tuple number 28",28,5.29150262212918
"This is tuple number 29",29,5.3851648071345
"This is tuple number 30",30,5.47722557505166
"This is tuple number 31",31,5.56776436283002
"This is tuple number 32",32,5.65685424949238
"This is tuple number 33",33,5.74456264653803
"This is tuple number 34",34,5.8309518948453
"This is tuple number 35",35,5.91607978309962
"This is tuple number 36",36,6
"This is tuple number 37",37,6.08276253029822
"This is tuple number 38",38,6.16441400296898
"This is tuple number 39",39,6.2449979983984
"This is tuple number 40",40,6.32455532033676
"This is tuple number 41",41,6.40312423743285
"This is tuple number 42",42,6.48074069840786
"This is tuple number 43",43,6.557438524302
"This is tuple number 44",44,6.6332495807108
"This is tuple number 45",45,6.70820393249937
"This is tuple number 46",46,6.78232998312527
"This is tuple number 47",47,6.85565460040104
"This is tuple number 48",48,6.92820323027551
"This is tuple number 49",49,7
"This is tuple number 50",50,7.07106781186548
"This is tuple number 51",51,7.14142842854285
"This is tuple number 52",52,7.21110255092798
"This is tuple number 53",53,7.28010988928052
"This is tuple number 54",54,7.34846922834953
"This is tuple number 55",55,7.41619848709566
"This is tuple number 56",56,7.48331477354788
"This is tuple number 57",57,7.54983443527075
"This is tuple number 58",58,7.61577310586391
"This is tuple number 59",59,7.68114574786861
"This is tuple number 60",60,7.74596669241483
"This is tuple number 61",61,7.81024967590665
"This is tuple number 62",62,7.87400787401181
"This is tuple number 63",63,7.93725393319377
"This is tuple number 64",64,8
"This is tuple number 65",65,8.06225774829855
"This is tuple number 66",66,8.12403840463596
"This is tuple number 67",67,8.18535277187245
"This is tuple number 68",68,8.24621125123532
"This is tuple number 69",69,8.30662386291807
"This is tuple number 70",70,8.36660026534076
"This is tuple number 71",71,8.42614977317636
"This is tuple number 72",72,8.48528137423857
"This is tuple number 73",73,8.54400374531753
"This is tuple number 74",74,8.60232526704263
"This is tuple number 75",75,8.66025403784439
"This is tuple number 76",76,8.71779788708135
"This is tuple number 77",77,8.77496438739212
"This is tuple number 78",78,8.83176086632785
"This is tuple number 79",79,8.88819441731559
"This is tuple number 80",80,8.94427190999916
"This is tuple number 81",81,9
"This is tuple number 82",82,9.05538513813742
"This is tuple number 83",83,9.1104335791443
"This is tuple number 84",84,9.16515138991168
"This is tuple number 85",85,9.21954445729289
"This is tuple number 86",86,9.2736184954957
"This is tuple number 87",87,9.32737905308882
"This is tuple number 88",88,9.38083151964686
"This is tuple number 89",89,9.4339811320566
"This is tuple number 90",90,9.48683298050514
"This is tuple number 91",91,9.53939201416946
"This is tuple number 92",92,9.59166304662544
"This is tuple number 93",93,9.64365076099295
"This is tuple number 94",94,9.69535971483266
"This is tuple number 95",95,9.74679434480896
"This is tuple number 96",96,9.79795897113271
"This is tuple number 97",97,9.8488578017961
"This is tuple number 98",98,9.89949493661167
"This is tuple number 99",99,9.9498743710662
"This is tuple number 100",100,10
"This is tuple number 101",101,10.0498756211209
"This is tuple number 102",102,10.0995049383621
"This is tuple number 103",103,10.1488915650922
"This is tuple number 104",104,10.1980390271856
"This is tuple number 105",105,10.2469507659596
"This is tuple number 106",106,10.295630140987
"This is tuple number 107",107,10.3440804327886
"This is tuple number 108",108,10.3923048454133
"This is tuple number 109",109,10.4403065089106
"This is tuple number 110",110,10.4880884817015
"This is tuple number 111",111,10.5356537528527
"This is tuple number 112",112,10.5830052442584
"This is tuple number 113",113,10.6301458127346
"This is tuple number 114",114,10.6770782520313
"This is tuple number 115",115,10.7238052947636
"This is tuple number 116",116,10.770329614269
"This is tuple number 117",117,10.816653826392
"This is tuple number 118",118,10.8627804912002
"This is tuple number 119",119,10.9087121146357
"This is tuple number 120",120,10.9544511501033
"This is tuple number 121",121,11
"This is tuple number 122",122,11.0453610171873
"This is tuple number 123",123,11.0905365064094
"This is tuple number 124",124,11.13552872566
"This is tuple number 125",125,11.1803398874989
"This is tuple number 126",126,11.2249721603218
"This is tuple number 127",127,11.2694276695846
"This is tuple number 128",128,11.3137084989848
"This is tuple number 129",129,11.3578166916005
"This is tuple number 130",130,11.4017542509914
"This is tuple number 131",131,11.4455231422596
"This is tuple number 132",132,11.4891252930761
"This is tuple number 133",133,11.5325625946708
"This is tuple number 134",134,11.5758369027902
"This is tuple number 135",135,11.6189500386223
"This is tuple number 136",136,11.6619037896906
"This is tuple number 137",137,11.7046999107196
"This is tuple number 138",138,11.7473401244707
"This is tuple number 139",139,11.7898261225516
"This is tuple number 140",140,11.8321595661992
"This is tuple number 141",141,11.8743420870379
"This is tuple number 142",142,11.916375287813
"This is tuple number 143",143,11.9582607431014
"This is tuple number 144",144,12
"This is tuple number 145",145,12.0415945787923
"This is tuple number 146",146,12.0830459735946
"This is tuple number 147",147,12.1243556529821
"This is tuple number 148",148,12.1655250605964
"This is tuple number 149",149,12.2065556157337
"This is tuple number 150",150,12.2474487139159
"This is tuple number 151",151,12.2882057274445
"This is tuple number 152",152,12.328828005938
"This is tuple number 153",153,12.369316876853
"This is tuple number 154",154,12.4096736459909
"This is tuple number 155",155,12.4498995979887
"This is tuple number 156",156,12.4899959967968
"This is tuple number 157",157,12.5299640861417
"This is tuple number 158",158,12.5698050899765
"This is tuple number 159",159,12.6095202129185
"This is tuple number 160",160,12.6491106406735
"This is tuple number 161",161,12.6885775404495
"This is tuple number 162",162,12.7279220613579
"This is tuple number 163",163,12.7671453348037
"This is tuple number 164",164,12.8062484748657
"This is tuple number 165",165,12.8452325786651
"This is tuple number 166",166,12.8840987267251
"This is tuple number 167",167,12.9228479833201
"This is tuple number 168",168,12.9614813968157
"This is tuple number 169",169,13
"This is tuple number 170",170,13.0384048104053
"This is tuple number 171",171,13.076696830622
"This is tuple number 172",172,13.114877048604
"This is tuple number 173",173,13.1529464379659
"This is tuple number 174",174,13.1909059582729
"This is tuple number 175",175,13.228756555323
"This is tuple number 176",176,13.2664991614216
"This is tuple number 177",177,13.3041346956501
"This is tuple number 178",178,13.3416640641263
"This is tuple number 179",179,13.3790881602597
"This is tuple number 180",180,13.4164078649987
"This is tuple number 181",181,13.4536240470737
"This is tuple number 182",182,13.490737563232
"This is tuple number 183",183,13.5277492584687
"This is tuple number 184",184,13.5646599662505
"This is tuple number 185",185,13.6014705087354
"This is tuple number 186",186,13.6381816969859
"This is tuple number 187",187,13.6747943311773
"This is tuple number 188",188,13.7113092008021
"This is tuple number 189",189,13.7477270848675
"This is tuple number 190",190,13.7840487520902
"This is tuple number 191",191,13.8202749610853
"This is tuple number 192",192,13.856406460551
"This is tuple number 193",193,13.8924439894498
"This is tuple number 194",194,13.9283882771841
"This is tuple number 195",195,13.9642400437689
"This is tuple number 196",196,14
"This is tuple number 197",197,14.0356688476182
"This is tuple number 198",198,14.0712472794703
"This is tuple number 199",199,14.1067359796659
"This is tuple number 200",200,14.142135623731
"This is tuple number 201",201,14.1774468787578
"This is tuple number 202",202,14.2126704035519
"This is tuple number 203",203,14.247806848775
"This is tuple number 204",204,14.2828568570857
"This is tuple number 205",205,14.3178210632764
"This is tuple number 206",206,14.3527000944073
"This is tuple number 207",207,14.3874945699382
"This is tuple number 208",208,14.422205101856
"This is tuple number 209",209,14.456832294801
"This is tuple number 210",210,14.4913767461894
"This is tuple number 211",211,14.5258390463339
"This is tuple number 212",212,14.560219778561
"This is tuple number 213",213,14.5945195193264
"This is tuple number 214",214,14.6287388383278
"This is tuple number 215",215,14.6628782986152
"This is tuple number 216",216,14.6969384566991
"This is tuple number 217",217,14.7309198626562
"This is tuple number 218",218,14.7648230602334
"This is tuple number 219",219,14.7986485869487
"This is tuple number 220",220,14.8323969741913
"This is tuple number 221",221,14.8660687473185
"This is tuple number 222",222,14.8996644257513
"This is tuple number 223",223,14.9331845230681
"This is tuple number 224",224,14.9666295470958
"This is tuple number 225",225,15
"This is tuple number 226",226,15.0332963783729
"This is tuple number 227",227,15.0665191733194
"This is tuple number 228",228,15.0996688705415
"This is tuple number 229",229,15.1327459504216
"This is tuple number 230",230,15.1657508881031
"This is tuple number 231",231,15.1986841535707
"This is tuple number 232",232,15.2315462117278
"This is tuple number 233",233,15.2643375224737
"This is tuple number 234",234,15.2970585407784
"This is tuple number 235",235,15.3297097167559
"This is tuple number 236",236,15.3622914957372
"This is tuple number 237",237,15.3948043183407
"This is tuple number 238",238,15.4272486205415
"This is tuple number 239",239,15.4596248337403
"This is tuple number 240",240,15.4919333848297
"This is tuple number 241",241,15.52417469626
"This is tuple number 242",242,15.556349186104
"This is tuple number 243",243,15.5884572681199
"This is tuple number 244",244,15.6204993518133
"This is tuple number 245",245,15.6524758424985
"This is tuple number 246",246,15.6843871413581
"This is tuple number 247",247,15.7162336455017
"This is tuple number 248",248,15.7480157480236
"This is tuple number 249",249,15.7797338380595
"This is tuple number 250",250,15.8113883008419
"This is tuple number 251",251,15.8429795177549
"This is tuple number 252",252,15.8745078663875
"This is tuple number 253",253,15.9059737205869
"This is tuple number 254",254,15.9373774505092
"This is tuple number 255",255,15.9687194226713
"This is tuple number 256",256,16
"This is tuple number 257",257,16.0312195418814
"This is tuple number 258",258,16.062378404209
"This is tuple number 259",259,16.0934769394311
"This is tuple number 260",260,16.1245154965971
"This is tuple number 261",261,16.1554944214035
"This is tuple number 262",262,16.1864140562386
"This is tuple number 263",263,16.2172747402269
"This is tuple number 264",264,16.2480768092719
"This is tuple number 265",265,16.2788205960997
"This is tuple number 266",266,16.3095064303001
"This is tuple number 267",267,16.3401346383682
"This is tuple number 268",268,16.3707055437449
"This is tuple number 269",269,16.4012194668567
"This is tuple number 270",270,16.431676725155
"This is tuple number 271",271,16.4620776331543
"This is tuple number 272",272,16.4924225024706
"This is tuple number 273",273,16.5227116418583
"This is tuple number 274",274,16.5529453572468
"This is tuple number 275",275,16.583123951777
"This is tuple number 276",276,16.6132477258361
"This is tuple number 277",277,16.6433169770932
"This is tuple number 278",278,16.6733320005331
"This is tuple number 279",279,16.7032930884901
"This is tuple number 280",280,16.7332005306815
"This is tuple number 281",281,16.7630546142402
"This is tuple number 282",282,16.7928556237467
"This is tuple number 283",283,16.8226038412607
"This is tuple number 284",284,16.8522995463527
"This is tuple number 285",285,16.8819430161341
"This is tuple number 286",286,16.9115345252878
"This is tuple number 287",287,16.9410743460974
"This is tuple number 288",288,16.9705627484771
"This is tuple number 289",289,17
"This is tuple number 290",290,17.0293863659264
"This is tuple number 291",291,17.058722109232
"This is tuple number 292",292,17.0880074906351
"This is tuple number 293",293,17.1172427686237
"This is tuple number 294",294,17.1464281994822
"This is tuple number 295",295,17.1755640373177
"This is tuple number 296",296,17.2046505340853
"This is tuple number 297",297,17.2336879396141
"This is tuple number 298",298,17.2626765016321
"This is tuple number 299",299,17.2916164657906
"This is tuple number 300",300,17.3205080756888
"This is tuple number 301",301,17.3493515728975
"This is tuple number 302",302,17.3781471969828
"This is tuple number 303",303,17.4068951855292
"This is tuple number 304",304,17.4355957741627
"This is tuple number 305",305,17.464249196573
"This is tuple number 306",306,17.4928556845359
"This is tuple number 307",307,17.5214154679352
"This is tuple number 308",308,17.5499287747842
"This is tuple number 309",309,17.5783958312469
"This is tuple number 310",310,17.606816861659
"This is tuple number 311",311,17.6351920885484
"This is tuple number 312",312,17.6635217326557
"This is tuple number 313",313,17.6918060129541
"This is tuple number 314",314,17.7200451466693
"This is tuple number 315",315,17.7482393492988
"This is tuple number 316",316,17.7763888346312
"This is tuple number 317",317,17.8044938147649
"This is tuple number 318",318,17.832554500127
"This is tuple number 319",319,17.8605710994918
"This is tuple number 320",320,17.8885438199983
"This is tuple number 321",321,17.9164728671689
"This is tuple number 322",322,17.9443584449264
"This is tuple number 323",323,17.9722007556114
"This is tuple number 324",324,18
"This is tuple number 325",325,18.0277563773199
"This is tuple number 326",326,18.0554700852678
"This is tuple number 327",327,18.0831413200251
"This is tuple number 328",328,18.1107702762748
"This is tuple number 329",329,18.1383571472171
"This is tuple number 330",330,18.1659021245849
"This is tuple number 331",331,18.1934053986603
"This is tuple number 332",332,18.2208671582886
"This is tuple number 333",333,18.2482875908947
"This is tuple number 334",334,18.2756668824971
"This is tuple number 335",335,18.3030052177231
"This is tuple number 336",336,18.3303027798234
"This is tuple number 337",337,18.3575597506858
"This is tuple number 338",338,18.3847763108502
"This is tuple number 339",339,18.411952639522
"This is tuple number 340",340,18.4390889145858
"This is tuple number 341",341,18.4661853126194
"This is tuple number 342",342,18.4932420089069
"This is tuple number 343",343,18.5202591774521
"This is tuple number 344",344,18.5472369909914
"This is tuple number 345",345,18.5741756210067
"This is tuple number 346",346,18.6010752377383
"This is tuple number 347",347,18.6279360101972
"This is tuple number 348",348,18.6547581061776
"This is tuple number 349",349,18.6815416922694
"This is tuple number 350",350,18.7082869338697
"This is tuple number 351",351,18.7349939951952
"This is tuple number 352",352,18.7616630392937
"This is tuple number 353",353,18.7882942280559
"This is tuple number 354",354,18.8148877222268
"This is tuple number 355",355,18.8414436814168
"This is tuple number 356",356,18.8679622641132
"This is tuple number 357",357,18.8944436276912
"This is tuple number 358",358,18.9208879284245
"This is tuple number 359",359,18.9472953214964
"This is tuple number 360",360,18.9736659610103
"This is tuple number 361",361,19
"This is tuple number 362",362,19.0262975904404
"This is tuple number 363",363,19.0525588832576
"This is tuple number 364",364,19.0787840283389
"This is tuple number 365",365,19.1049731745428
"This is tuple number 366",366,19.131126469709
"This is tuple number 367",367,19.157244060668
"This is tuple number 368",368,19.1833260932509
"This is tuple number 369",369,19.2093727122985
"This is tuple number 370",370,19.2353840616713
"This is tuple number 371",371,19.2613602842582
"This is tuple number 372",372,19.2873015219859
"This is tuple number 373",373,19.313207915828
"This is tuple number 374",374,19.3390796058137
"This is tuple number 375",375,19.3649167310371
"This is tuple number 376",376,19.3907194296653
"This is tuple number 377",377,19.4164878389476
"This is tuple number 378",378,19.4422220952236
"This is tuple number 379",379,19.4679223339318
"This is tuple number 380",380,19.4935886896179
"This is tuple number 381",381,19.5192212959431
"This is tuple number 382",382,19.5448202856921
"This is tuple number 383",383,19.5703857907809
"This is tuple number 384",384,19.5959179422654
"This is tuple number 385",385,19.6214168703486
"This is tuple number 386",386,19.6468827043885
"This is tuple number 387",387,19.672315572906
"This is tuple number 388",388,19.6977156035922
"This is tuple number 389",389,19.723082923316
"This is tuple number 390",390,19.7484176581315
"This is tuple number 391",391,19.7737199332852
"This is tuple number 392",392,19.7989898732233
"This is tuple number 393",393,19.824227601599
"This is tuple number 394",394,19.8494332412792
"This is tuple number 395",395,19.8746069143518
"This is tuple number 396",396,19.8997487421324
"This is tuple number 397",397,19.9248588451713
"This is tuple number 398",398,19.94993734326
"This is tuple number 399",399,19.9749843554382
"This is tuple number 400",400,20
"This is tuple number 401",401,20.0249843945008
"This is tuple number 402",402,20.0499376557634
"This is tuple number 403",403,20.0748598998847
"This is tuple number 404",404,20.0997512422418
"This is tuple number 405",405,20.1246117974981
"This is tuple number 406",406,20.1494416796099
"This is tuple number 407",407,20.174241001832
"This is tuple number 408",408,20.1990098767242
"This is tuple number 409",409,20.2237484161567
"This is tuple number 410",410,20.2484567313166
"This is tuple number 411",411,20.2731349327133
"This is tuple number 412",412,20.2977831301844
"This is tuple number 413",413,20.3224014329016
"This is tuple number 414",414,20.3469899493758
"This is tuple number 415",415,20.3715487874634
"This is tuple number 416",416,20.3960780543711
"This is tuple number 417",417,20.4205778566621
"This is tuple number 418",418,20.4450483002609
"This is tuple number 419",419,20.4694894904587
"This is tuple number 420",420,20.4939015319192
"This is tuple number 421",421,20.5182845286832
"This is tuple number 422",422,20.5426385841741
"This is tuple number 423",423,20.5669638012031
"This is tuple number 424",424,20.591260281974
"This is tuple number 425",425,20.6155281280883
"This is tuple number 426",426,20.6397674405503
"This is tuple number 427",427,20.6639783197718
"This is tuple number 428",428,20.6881608655772
"This is tuple number 429",429,20.712315177208
"This is tuple number 430",430,20.7364413533277
"This is tuple number 431",431,20.7605394920267
"This is tuple number 432",432,20.7846096908265
"This is tuple number 433",433,20.8086520466848
"This is tuple number 434",434,20.8326666559997
"This is tuple number 435",435,20.8566536146142
"This is tuple number 436",436,20.8806130178211
"This is tuple number 437",437,20.9045449603669
"This is tuple number 438",438,20.9284495364563
"This is tuple number 439",439,20.952326839757
"This is tuple number 440",440,20.976176963403
"This is tuple number 441",441,21
"This is tuple number 442",442,21.0237960416286
"This is tuple number 443",443,21.0475651798492
"This is tuple number 444",444,21.0713075057055
"This is tuple number 445",445,21.095023109729
"This is tuple number 446",446,21.1187120819429
"This is tuple number 447",447,21.142374511866
"This is tuple number 448",448,21.1660104885167
"This is tuple number 449",449,21.1896201004171
"This is tuple number 450",450,21.2132034355964
"This is tuple number 451",451,21.2367605815953
"This is tuple number 452",452,21.2602916254693
"This is tuple number 453",453,21.2837966537928
"This is tuple number 454",454,21.3072757526625
"This is tuple number 455",455,21.3307290077015
"This is tuple number 456",456,21.3541565040626
"This is tuple number 457",457,21.3775583264319
"This is tuple number 458",458,21.4009345590327
"This is tuple number 459",459,21.4242852856285
"This is tuple number 460",460,21.4476105895272
"This is tuple number 461",461,21.4709105535839
"This is tuple number 462",462,21.4941852602047
"This is tuple number 463",463,21.51743479135
"This is tuple number 464",464,21.540659228538
"This is tuple number 465",465,21.5638586528478
"This is tuple number 466",466,21.5870331449229
"This is tuple number 467",467,21.6101827849743
"This is tuple number 468",468,21.6333076527839
"This is tuple number 469",469,21.6564078277077
"This is tuple number 470",470,21.6794833886788
"This is tuple number 471",471,21.7025344142107
"This is tuple number 472",472,21.7255609824004
"This is tuple number 473",473,21.7485631709315
"This is tuple number 474",474,21.7715410570772
"This is tuple number 475",475,21.7944947177034
"This is tuple number 476",476,21.8174242292714
"This is tuple number 477",477,21.8403296678416
"This is tuple number 478",478,21.8632111090754
"This is tuple number 479",479,21.8860686282393
"This is tuple number 480",480,21.9089023002066
"This is tuple number 481",481,21.9317121994613
"This is tuple number 482",482,21.9544984001001
"This is tuple number 483",483,21.9772609758359
"This is tuple number 484",484,22
"This is tuple number 485",485,22.0227155455452
"This is tuple number 486",486,22.0454076850486
"This is tuple number 487",487,22.0680764907139
"This is tuple number 488",488,22.0907220343745
"This is tuple number 489",489,22.113344387496
"This is tuple number 490",490,22.1359436211787
"This is tuple number 491",491,22.1585198061603
"This is tuple number 492",492,22.1810730128188
"This is tuple number 493",493,22.2036033111745
"This is tuple number 494",494,22.2261107708929
"This is tuple number 495",495,22.248595461287
"This is tuple number 496",496,22.2710574513201
"This is tuple number 497",497,22.293496809608
"This is tuple number 498",498,22.3159136044214
"This is tuple number 499",499,22.3383079036887
"This is tuple number 500",500,22.3606797749979
"This is tuple number 501",501,22.3830292855994
"This is tuple number 502",502,22.4053565024081
"This is tuple number 503",503,22.4276614920058
"This is tuple number 504",504,22.4499443206436
"This is tuple number 505",505,22.4722050542442
"This is tuple number 506",506,22.494443758404
"This is tuple number 507",507,22.5166604983954
"This is tuple number 508",508,22.5388553391693
"This is tuple number 509",509,22.561028345357
"This is tuple number 510",510,22.5831795812724
"This is tuple number 511",511,22.6053091109146
"This is tuple number 512",512,22.6274169979695
"This is tuple number 513",513,22.6495033058122
"This is tuple number 514",514,22.6715680975093
"This is tuple number 515",515,22.6936114358204
"This is tuple number 516",516,22.7156333832011
"This is tuple number 517",517,22.7376340018041
"This is tuple number 518",518,22.7596133534821
"This is tuple number 519",519,22.781571499789
"This is tuple number 520",520,22.8035085019828
"This is tuple number 521",521,22.8254244210267
"This is tuple number 522",522,22.8473193175917
"This is tuple number 523",523,22.8691932520585
"This is tuple number 524",524,22.8910462845192
"This is tuple number 525",525,22.9128784747792
"This is tuple number 526",526,22.9346898823594
"This is tuple number 527",527,22.956480566498
"This is tuple number 528",528,22.9782505861521
"This is tuple number 529",529,23
"This is tuple number 530",530,23.0217288664427
"This is tuple number 531",531,23.0434372436058
"This is tuple number 532",532,23.0651251893416
"This is tuple number 533",533,23.0867927612304
"This is tuple number 534",534,23.1084400165827
"This is tuple number 535",535,23.1300670124408
"This is tuple number 536",536,23.1516738055805
"This is tuple number 537",537,23.1732604525129
"This is tuple number 538",538,23.1948270094864
"This is tuple number 539",539,23.2163735324878
"This is tuple number 540",540,23.2379000772445
"This is tuple number 541",541,23.259406699226
"This is tuple number 542",542,23.2808934536456
"This is tuple number 543",543,23.3023603954621
"This is tuple number 544",544,23.3238075793812
"This is tuple number 545",545,23.3452350598575
"This is tuple number 546",546,23.3666428910958
"This is tuple number 547",547,23.388031127053
"This is tuple number 548",548,23.4093998214393
"This is tuple number 549",549,23.43074902772
"This is tuple number 550",550,23.4520787991171
"This is tuple number 551",551,23.473389188611
"This is tuple number 552",552,23.4946802489415
"This is tuple number 553",553,23.5159520326097
"This is tuple number 554",554,23.5372045918796
"This is tuple number 555",555,23.5584379787795
"This is tuple number 556",556,23.5796522451032
"This is tuple number 557",557,23.6008474424119
"This is tuple number 558",558,23.6220236220354
"This is tuple number 559",559,23.6431808350738
"This is tuple number 560",560,23.6643191323985
"This is tuple number 561",561,23.685438564654
"This is tuple number 562",562,23.7065391822594
"This is tuple number 563",563,23.7276210354093
"This is tuple number 564",564,23.7486841740758
"This is tuple number 565",565,23.7697286480094
"This is tuple number 566",566,23.7907545067406
"This is tuple number 567",567,23.8117617995813
"This is tuple number 568",568,23.832750575626
"This is tuple number 569",569,23.8537208837531
"This is tuple number 570",570,23.8746727726266
"This is tuple number 571",571,23.895606290697
"This is tuple number 572",572,23.9165214862028
"This is tuple number 573",573,23.9374184071716
"This is tuple number 574",574,23.9582971014219
"This is tuple number 575",575,23.9791576165636
"This is tuple number 576",576,24
"This is tuple number 577",577,24.0208242989286
"This is tuple number 578",578,24.0416305603426
"This is tuple number 579",579,24.0624188310319
"This is tuple number 580",580,24.0831891575846
"This is tuple number 581",581,24.1039415863879
"This is tuple number 582",582,24.1246761636296
"This is tuple number 583",583,24.1453929352993
"This is tuple number 584",584,24.1660919471891
"This is tuple number 585",585,24.1867732448956
"This is tuple number 586",586,24.2074368738204
"This is tuple number 587",587,24.2280828791714
"This is tuple number 588",588,24.2487113059643
"This is tuple number 589",589,24.2693221990232
"This is tuple number 590",590,24.2899156029822
"This is tuple number 591",591,24.3104915622864
"This is tuple number 592",592,24.3310501211929
"This is tuple number 593",593,24.3515913237718
"This is tuple number 594",594,24.3721152139079
"This is tuple number 595",595,24.3926218353009
"This is tuple number 596",596,24.4131112314674
"This is tuple number 597",597,24.4335834457412
"This is tuple number 598",598,24.454038521275
"This is tuple number 599",599,24.4744765010408
"This is tuple number 600",600,24.4948974278318
"This is tuple number 601",601,24.5153013442625
"This is tuple number 602",602,24.5356882927706
"This is tuple number 603",603,24.5560583156173
"This is tuple number 604",604,24.576411454889
"This is tuple number 605",605,24.5967477524977
"This is tuple number 606",606,24.6170672501823
"This is tuple number 607",607,24.6373699895098
"This is tuple number 608",608,24.6576560118759
"This is tuple number 609",609,24.6779253585061
"This is tuple number 610",610,24.6981780704569
"This is tuple number 611",611,24.7184141886165
"This is tuple number 612",612,24.738633753706
"This is tuple number 613",613,24.7588368062799
"This is tuple number 614",614,24.7790233867277
"This is tuple number 615",615,24.7991935352745
"This is tuple number 616",616,24.8193472919817
"This is tuple number 617",617,24.8394846967484
"This is tuple number 618",618,24.8596057893121
"This is tuple number 619",619,24.8797106092495
"This is tuple number 620",620,24.8997991959775
"This is tuple number 621",621,24.9198715887542
"This is tuple number 622",622,24.9399278266799
"This is tuple number 623",623,24.9599679486974
"This is tuple number 624",624,24.9799919935936
"This is tuple number 625",625,25
"This is tuple number 626",626,25.0199920063936
"This is tuple number 627",627,25.0399680510978
"This is tuple number 628",628,25.0599281722833
"This is tuple number 629",629,25.0798724079689
"This is tuple number 630",630,25.0998007960223
"This is tuple number 631",631,25.1197133741609
"This is tuple number 632",632,25.1396101799531
"This is tuple number 633",633,25.1594912508182
"This is tuple number 634",634,25.1793566240283
"This is tuple number 635",635,25.1992063367083
"This is tuple number 636",636,25.219040425837
"This is tuple number 637",637,25.2388589282479
"This is tuple number 638",638,25.2586618806302
"This is tuple number 639",639,25.2784493195291
"This is tuple number 640",640,25.298221281347
"This is tuple number 641",641,25.3179778023443
"This is tuple number 642",642,25.3377189186399
"This is tuple number 643",643,25.3574446662119
"This is tuple number 644",644,25.377155080899
"This is tuple number 645",645,25.3968501984006
"This is tuple number 646",646,25.4165300542777
"This is tuple number 647",647,25.4361946839538
"This is tuple number 648",648,25.4558441227157
"This is tuple number 649",649,25.475478405714
"This is tuple number 650",650,25.4950975679639
"This is tuple number 651",651,25.5147016443461
"This is tuple number 652",652,25.5342906696074
"This is tuple number 653",653,25.5538646783613
"This is tuple number 654",654,25.5734237050888
"This is tuple number 655",655,25.5929677841395
"This is tuple number 656",656,25.6124969497314
"This is tuple number 657",657,25.6320112359526
"This is tuple number 658",658,25.6515106767613
"This is tuple number 659",659,25.6709953059869
"This is tuple number 660",660,25.6904651573303
"This is tuple number 661",661,25.7099202643649
"This is tuple number 662",662,25.7293606605372
"This is tuple number 663",663,25.7487863791675
"This is tuple number 664",664,25.7681974534503
"This is tuple number 665",665,25.7875939164553
"This is tuple number 666",666,25.8069758011279
"This is tuple number 667",667,25.8263431402899
"This is tuple number 668",668,25.8456959666402
"This is tuple number 669",669,25.8650343127551
"This is tuple number 670",670,25.8843582110896
"This is tuple number 671",671,25.9036676939772
"This is tuple number 672",672,25.9229627936314
"This is tuple number 673",673,25.9422435421457
"This is tuple number 674",674,25.9615099714943
"This is tuple number 675",675,25.9807621135332
"This is tuple number 676",676,26
"This is tuple number 677",677,26.0192236625154
"This is tuple number 678",678,26.0384331325831
"This is tuple number 679",679,26.0576284415908
"This is tuple number 680",680,26.0768096208106
"This is tuple number 681",681,26.0959767013998
"This is tuple number 682",682,26.1151297144012
"This is tuple number 683",683,26.134268690744
"This is tuple number 684",684,26.153393661244
"This is tuple number 685",685,26.1725046566048
"This is tuple number 686",686,26.1916017074176
"This is tuple number 687",687,26.2106848441623
"This is tuple number 688",688,26.229754097208
"This is tuple number 689",689,26.2488094968134
"This is tuple number 690",690,26.2678510731274
"This is tuple number 691",691,26.2868788561898
"This is tuple number 692",692,26.3058928759318
"This is tuple number 693",693,26.3248931621764
"This is tuple number 694",694,26.343879744639
"This is tuple number 695",695,26.3628526529281
"This is tuple number 696",696,26.3818119165458
"This is tuple number 697",697,26.4007575648882
"This is tuple number 698",698,26.4196896272458
"This is tuple number 699",699,26.4386081328046
"This is tuple number 700",700,26.4575131106459
"This is tuple number 701",701,26.4764045897475
"This is tuple number 702",702,26.4952825989835
"This is tuple number 703",703,26.5141471671257
"This is tuple number 704",704,26.5329983228432
"This is tuple number 705",705,26.5518360947035
"This is tuple number 706",706,26.5706605111728
"This is tuple number 707",707,26.5894716006167
"This is tuple number 708",708,26.6082693913001
"This is tuple number 709",709,26.6270539113887
"This is tuple number 710",710,26.6458251889485
"This is tuple number 711",711,26.6645832519468
"This is tuple number 712",712,26.6833281282527
"This is tuple number 713",713,26.7020598456374
"This is tuple number 714",714,26.7207784317748
"This is tuple number 715",715,26.7394839142419
"This is tuple number 716",716,26.7581763205193
"This is tuple number 717",717,26.7768556779918
"This is tuple number 718",718,26.7955220139485
"This is tuple number 719",719,26.8141753555838
"This is tuple number 720",720,26.8328157299975
"This is tuple number 721",721,26.8514431641951
"This is tuple number 722",722,26.8700576850888
"This is tuple number 723",723,26.8886593194975
"This is tuple number 724",724,26.9072480941474
"This is tuple number 725",725,26.9258240356725
"This is tuple number 726",726,26.944387170615
"This is tuple number 727",727,26.9629375254255
"This is tuple number 728",728,26.9814751264641
"This is tuple number 729",729,27
"This is tuple number 730",730,27.0185121722126
"This is tuple number 731",731,27.0370116691915
"This is tuple number 732",732,27.0554985169374
"This is tuple number 733",733,27.0739727413618
"This is tuple number 734",734,27.0924343682881
"This is tuple number 735",735,27.1108834234519
"This is tuple number 736",736,27.1293199325011
"This is tuple number 737",737,27.1477439209965
"This is tuple number 738",738,27.1661554144122
"This is tuple number 739",739,27.1845544381364
"This is tuple number 740",740,27.2029410174709
"This is tuple number 741",741,27.2213151776324
"This is tuple number 742",742,27.2396769437525
"This is tuple number 743",743,27.258026340878
"This is tuple number 744",744,27.2763633939717
"This is tuple number 745",745,27.2946881279124
"This is tuple number 746",746,27.3130005674953
"This is tuple number 747",747,27.3313007374329
"This is tuple number 748",748,27.3495886623547
"This is tuple number 749",749,27.367864366808
"This is tuple number 750",750,27.3861278752583
"This is tuple number 751",751,27.4043792120894
"This is tuple number 752",752,27.4226184016042
"This is tuple number 753",753,27.4408454680245
"This is tuple number 754",754,27.459060435492
"This is tuple number 755",755,27.4772633280682
"This is tuple number 756",756,27.495454169735
"This is tuple number 757",757,27.5136329843952
"This is tuple number 758",758,27.5317997958724
"This is tuple number 759",759,27.5499546279118
"This is tuple number 760",760,27.5680975041804
"This is tuple number 761",761,27.5862284482674
"This is tuple number 762",762,27.6043474836845
"This is tuple number 763",763,27.6224546338663
"This is tuple number 764",764,27.6405499221705
"This is tuple number 765",765,27.6586333718787
"This is tuple number 766",766,27.6767050061961
"This is tuple number 767",767,27.6947648482525
"This is tuple number 768",768,27.712812921102
"This is tuple number 769",769,27.7308492477241
"This is tuple number 770",770,27.7488738510232
"This is tuple number 771",771,27.7668867538296
"This is tuple number 772",772,27.7848879788996
"This is tuple number 773",773,27.8028775489157
"This is tuple number 774",774,27.8208554864871
"This is tuple number 775",775,27.8388218141501
"This is tuple number 776",776,27.8567765543682
"This is tuple number 777",777,27.8747197295327
"This is tuple number 778",778,27.8926513619627
"This is tuple number 779",779,27.9105714739057
"This is tuple number 780",780,27.9284800875379
"This is tuple number 781",781,27.9463772249642
"This is tuple number 782",782,27.9642629082191
"This is tuple number 783",783,27.9821371592664
"This is tuple number 784",784,28
"This is tuple number 785",785,28.0178514522438
"This is tuple number 786",786,28.0356915377524
"This is tuple number 787",787,28.0535202782111
"This is tuple number 788",788,28.0713376952364
"This is tuple number 789",789,28.0891438103763
"This is tuple number 790",790,28.1069386451104
"This is tuple number 791",791,28.1247222208505
"This is tuple number 792",792,28.1424945589406
"This is tuple number 793",793,28.1602556806574
"This is tuple number 794",794,28.1780056072107
"This is tuple number 795",795,28.1957443597434
"This is tuple number 796",796,28.2134719593318
"This is tuple number 797",797,28.2311884269862
"This is tuple number 798",798,28.2488937836511
"This is tuple number 799",799,28.2665880502051
"This is tuple number 800",800,28.2842712474619
"This is tuple number 801",801,28.3019433961698
"This is tuple number 802",802,28.3196045170126
"This is tuple number 803",803,28.3372546306095
"This is tuple number 804",804,28.3548937575157
"This is tuple number 805",805,28.3725219182222
"This is tuple number 806",806,28.3901391331568
"This is tuple number 807",807,28.4077454226836
"This is tuple number 808",808,28.4253408071038
"This is tuple number 809",809,28.4429253066558
"This is tuple number 810",810,28.4604989415154
"This is tuple number 811",811,28.4780617317963
"This is tuple number 812",812,28.49561369755
"This is tuple number 813",813,28.5131548587665
"This is tuple number 814",814,28.5306852353742
"This is tuple number 815",815,28.5482048472404
"This is tuple number 816",816,28.5657137141714
"This is tuple number 817",817,28.5832118559129
"This is tuple number 818",818,28.6006992921502
"This is tuple number 819",819,28.6181760425084
"This is tuple number 820",820,28.6356421265527
"This is tuple number 821",821,28.6530975637888
"This is tuple number 822",822,28.6705423736629
"This is tuple number 823",823,28.6879765755621
"This is tuple number 824",824,28.7054001888146
"This is tuple number 825",825,28.7228132326901
"This is tuple number 826",826,28.7402157263998
"This is tuple number 827",827,28.7576076890968
"This is tuple number 828",828,28.7749891398763
"This is tuple number 829",829,28.7923600977759
"This is tuple number 830",830,28.8097205817759
"This is tuple number 831",831,28.8270706107991
"This is tuple number 832",832,28.8444102037119
"This is tuple number 833",833,28.8617393793236
"This is tuple number 834",834,28.8790581563873
"This is tuple number 835",835,28.8963665535998
"This is tuple number 836",836,28.9136645896019
"This is tuple number 837",837,28.9309522829789
"This is tuple number 838",838,28.9482296522603
"This is tuple number 839",839,28.9654967159205
"This is tuple number 840",840,28.9827534923789
"This is tuple number 841",841,29
"This is tuple number 842",842,29.0172362570938
"This is tuple number 843",843,29.0344622819159
"This is tuple number 844",844,29.0516780926679
"This is tuple number 845",845,29.0688837074973
"This is tuple number 846",846,29.086079144498
"This is tuple number 847",847,29.1032644217105
"This is tuple number 848",848,29.1204395571221
"This is tuple number 849",849,29.1376045686669
"This is tuple number 850",850,29.1547594742265
"This is tuple number 851",851,29.1719042916296
"This is tuple number 852",852,29.1890390386528
"This is tuple number 853",853,29.2061637330205
"This is tuple number 854",854,29.2232783924049
"This is tuple number 855",855,29.2403830344269
"This is tuple number 856",856,29.2574776766556
"This is tuple number 857",857,29.2745623366089
"This is tuple number 858",858,29.2916370317536
"This is tuple number 859",859,29.3087017795057
"This is tuple number 860",860,29.3257565972304
"This is tuple number 861",861,29.3428015022424
"This is tuple number 862",862,29.3598365118064
"This is tuple number 863",863,29.3768616431368
"This is tuple number 864",864,29.3938769133981
"This is tuple number 865",865,29.4108823397055
"This is tuple number 866",866,29.4278779391243
"This is tuple number 867",867,29.4448637286709
"This is tuple number 868",868,29.4618397253125
"This is tuple number 869",869,29.4788059459674
"This is tuple number 870",870,29.4957624075053
"This is tuple number 871",871,29.5127091267474
"This is tuple number 872",872,29.5296461204668
"This is tuple number 873",873,29.5465734053883
"This is tuple number 874",874,29.563490998189
"This is tuple number 875",875,29.5803989154981
"This is tuple number 876",876,29.5972971738975
"This is tuple number 877",877,29.6141857899217
"This is tuple number 878",878,29.6310647800581
"This is tuple number 879",879,29.6479341607472
"This is tuple number 880",880,29.6647939483827
"This is tuple number 881",881,29.6816441593117
"This is tuple number 882",882,29.698484809835
"This is tuple number 883",883,29.7153159162073
"This is tuple number 884",884,29.732137494637
"This is tuple number 885",885,29.748949561287
"This is tuple number 886",886,29.7657521322744
"This is tuple number 887",887,29.7825452236709
"This is tuple number 888",888,29.7993288515027
"This is tuple number 889",889,29.8161030317511
"This is tuple number 890",890,29.8328677803526
"This is tuple number 891",891,29.8496231131986
"This is tuple number 892",892,29.8663690461362
"This is tuple number 893",893,29.8831055949679
"This is tuple number 894",894,29.8998327754521
"This is tuple number 895",895,29.9165506033032
"This is tuple number 896",896,29.9332590941915
"This is tuple number 897",897,29.9499582637439
"This is tuple number 898",898,29.9666481275434
"This is tuple number 899",899,29.9833287011299
"This is tuple number 900",900,30
"This is tuple number 901",901,30.0166620396073
"This is tuple number 902",902,30.0333148353624
"This is tuple number 903",903,30.0499584026334
"This is tuple number 904",904,30.0665927567458
"This is tuple number 905",905,30.0832179129826
"This is tuple number 906",906,30.0998338865848
"This is tuple number 907",907,30.1164406927512
"This is tuple number 908",908,30.1330383466387
"This is tuple number 909",909,30.1496268633627
"This is tuple number 910",910,30.1662062579967
"This is tuple number 911",911,30.1827765455731
"This is tuple number 912",912,30.199337741083
"This is tuple number 913",913,30.2158898594763
"This is tuple number 914",914,30.2324329156619
"This is tuple number 915",915,30.2489669245083
"This is tuple number 916",916,30.2654919008431
"This is tuple number 917",917,30.2820078594534
"This is tuple number 918",918,30.2985148150862
"This is tuple number 919",919,30.3150127824482
"This is tuple number 920",920,30.3315017762062
"This is tuple number 921",921,30.347981810987
"This is tuple number 922",922,30.364452901378
"This is tuple number 923",923,30.3809150619266
"This is tuple number 924",924,30.3973683071413
"This is tuple number 925",925,30.4138126514911
"This is tuple number 926",926,30.4302481094059
"This is tuple number 927",927,30.4466746952767
"This is tuple number 928",928,30.4630924234556
"This is tuple number 929",929,30.4795013082563
"This is tuple number 930",930,30.4959013639538
"This is tuple number 931",931,30.5122926047847
"This is tuple number 932",932,30.5286750449475
"This is tuple number 933",933,30.5450486986025
"This is tuple number 934",934,30.5614135798723
"This is tuple number 935",935,30.5777697028413
"This is tuple number 936",936,30.5941170815567
"This is tuple number 937",937,30.6104557300279
"This is tuple number 938",938,30.6267856622271
"This is tuple number 939",939,30.6431068920891
"This is tuple number 940",940,30.6594194335118
"This is tuple number 941",941,30.6757233003559
"This is tuple number 942",942,30.6920185064456
"This is tuple number 943",943,30.7083050655682
"This is tuple number 944",944,30.7245829914744
"This is tuple number 945",945,30.7408522978788
"This is tuple number 946",946,30.7571129984594
"This is tuple number 947",947,30.7733651068582
"This is tuple number 948",948,30.7896086366813
"This is tuple number 949",949,30.8058436014987
"This is tuple number 950",950,30.8220700148449
"This is tuple number 951",951,30.8382878902185
"This is tuple number 952",952,30.854497241083
"This is tuple number 953",953,30.8706980808663
"This is tuple number 954",954,30.886890422961
"This is tuple number 955",955,30.9030742807249
"This is tuple number 956",956,30.9192496674806
"This is tuple number 957",957,30.935416596516
"This is tuple number 958",958,30.9515750810843
"This is tuple number 959",959,30.967725134404
"This is tuple number 960",960,30.9838667696593
"This is tuple number 961",961,31
"This is tuple number 962",962,31.0161248385416
"This is tuple number 963",963,31.0322412983658
"This is tuple number 964",964,31.04834939252
"This is tuple number 965",965,31.0644491340181
"This is tuple number 966",966,31.0805405358401
"This is tuple number 967",967,31.0966236109324
"This is tuple number 968",968,31.1126983722081
"This is tuple number 969",969,31.1287648325468
"This is tuple number 970",970,31.1448230047949
"This is tuple number 971",971,31.1608729017658
"This is tuple number 972",972,31.1769145362398
"This is tuple number 973",973,31.1929479209644
"This is tuple number 974",974,31.2089730686545
"This is tuple number 975",975,31.224989991992
"This is tuple number 976",976,31.2409987036266
"This is tuple number 977",977,31.2569992161756
"This is tuple number 978",978,31.2729915422238
"This is tuple number 979",979,31.288975694324
"This is tuple number 980",980,31.3049516849971
"This is tuple number 981",981,31.3209195267317
"This is tuple number 982",982,31.3368792319848
"This is tuple number 983",983,31.3528308131818
"This is tuple number 984",984,31.3687742827162
"This is tuple number 985",985,31.3847096529504
"This is tuple number 986",986,31.4006369362152
"This is tuple number 987",987,31.41655614481
"This is tuple number 988",988,31.4324672910034
"This is tuple number 989",989,31.4483703870328
"This is tuple number 990",990,31.4642654451045
"This is tuple number 991",991,31.4801524773944
"This is tuple number 992",992,31.4960314960472
"This is tuple number 993",993,31.5119025131775
"This is tuple number 994",994,31.5277655408689
"This is tuple number 995",995,31.543620591175
"This is tuple number 996",996,31.559467676119
"This is tuple number 997",997,31.5753068076939
"This is tuple number 998",998,31.5911379978626
"This is tuple number 999",999,31.6069612585582
